Workbook

Sheet gas_com_003
A1: departamento | B1: codMunicipio | C1: municipio | D1: totalSubscriptoresGas
A2: SANTANDER | B2: =VLOOKUP(C2, hojas!A:B, 2, FALSE) -> 68013 | C2: AGUADA | D2: 195
A3: SANTANDER | B3: =VLOOKUP(C3, hojas!A:B, 2, FALSE) -> 68020 | C3: ALBANIA | D3: 105
A4: SANTANDER | B4: =VLOOKUP(C4, hojas!A:B, 2, FALSE) -> 68077 | C4: BARBOSA | D4: 5809
A5: SANTANDER | B5: =VLOOKUP(C5, hojas!A:B, 2, FALSE) -> 68081 | C5: BARRANCABERMEJA | D5: 50699
A6: SANTANDER | B6: =VLOOKUP(C6, hojas!A:B, 2, FALSE) -> 68081 | C6: BARRANCABERMEJA | D6: 2521
A7: SANTANDER | B7: =VLOOKUP(C7, hojas!A:B, 2, FALSE) -> 68101 | C7: BOLIVAR | D7: 352
A8: SANTANDER | B8: =VLOOKUP(C8, hojas!A:B, 2, FALSE) -> 68001 | C8: BUCARAMANGA | D8: 152048
A9: SANTANDER | B9: =VLOOKUP(C9, hojas!A:B, 2, FALSE) -> 68132 | C9: CALIFORNIA | D9: 249
A10: SANTANDER | B10: =VLOOKUP(C10, hojas!A:B, 2, FALSE) -> 68169 | C10: CHARTA | D10: 243
A11: SANTANDER | B11: =VLOOKUP(C11, hojas!A:B, 2, FALSE) -> 68179 | C11: CHIPATA | D11: 356
A12: SANTANDER | B12: =VLOOKUP(C12, hojas!A:B, 2, FALSE) -> 68229 | C12: CURITI | D12: 1717
A13: SANTANDER | B13: =VLOOKUP(C13, hojas!A:B, 2, FALSE) -> 68235 | C13: EL CARMEN DE CHUCURI | D13: 740
... A47: SANTANDER | B47: =VLOOKUP(C47, hojas!A:B, 2, FALSE) -> 68872 | C47: VILLANUEVA | D47: 968

Sheet hojas
A1: municipio | B1: Codigo
A2: AGUADA | B2: 68013
A3: ALBANIA | B3: 68020
A4: ARATOCA | B4: 68051
A5: BARBOSA | B5: 68077
A6: BARICHARA | B6: 68079
A7: BARRANCABERMEJA | B7: 68081
A8: BETULIA | B8: 68092
A9: BOLIVAR | B9: 68101
A10: BUCARAMANGA | B10: 68001
A11: CABRERA | B11: 68121
A12: CALIFORNIA | B12: 68132
A13: CAPITANEJO | B13: 68147
... A88: ZAPATOCA | B88: 68895
